,gene,forward_seq,reverse_seq,forward_tm,reverse_tm,forward_gc,reverse_gc,amplicon_seq,amplicon_len,primer_class
0,Phf11a,CCCACACAACGTGATGCAGC,TTGTTGTAAGTCTGCAAGTGCCTC,60.37569545130646,59.61041166760767,60.0,45.83333333333333,CCCACACAACGTGATGCAGCTGTCAAAGCTCCTTTCCTTAAGAAATGCCAGGAAGCAGGACTTCTTAATGTTTTACTTGAATACATACTAGAAAAAATGGATTTGATTCATGGAAGACTCCTGAATGAGACTGCCTCAGAGTCAGACTATGAAGGGATCGAGACCTTACTGTTTGGCTGTGGATTGTTTGGAGACACACTAAGAAAATTCCAAGAAGTAATCAATAGTAAAGCTTGTGAATGGGAAGAAAGGCAAAGGCTGATGAAGCAGCAGCTTGAGGCACTTGCAGACTTACAACAA,300,1
1,Phf11a,CCCACACAACGTGATGCAGC,TTGTTGTAAGTCTGCAAGTGCCTCA,60.37569545130646,60.965584784721706,60.0,44.0,CCCACACAACGTGATGCAGCTGTCAAAGCTCCTTTCCTTAAGAAATGCCAGGAAGCAGGACTTCTTAATGTTTTACTTGAATACATACTAGAAAAAATGGATTTGATTCATGGAAGACTCCTGAATGAGACTGCCTCAGAGTCAGACTATGAAGGGATCGAGACCTTACTGTTTGGCTGTGGATTGTTTGGAGACACACTAAGAAAATTCCAAGAAGTAATCAATAGTAAAGCTTGTGAATGGGAAGAAAGGCAAAGGCTGATGAAGCAGCAGCTTGAGGCACTTGCAGACTTACAACAA,300,1
2,Phf11a,CCCACACAACGTGATGCAGCT,TTGTTGTAAGTCTGCAAGTGCCTC,61.66316849977341,59.61041166760767,57.14285714285714,45.83333333333333,CCCACACAACGTGATGCAGCTGTCAAAGCTCCTTTCCTTAAGAAATGCCAGGAAGCAGGACTTCTTAATGTTTTACTTGAATACATACTAGAAAAAATGGATTTGATTCATGGAAGACTCCTGAATGAGACTGCCTCAGAGTCAGACTATGAAGGGATCGAGACCTTACTGTTTGGCTGTGGATTGTTTGGAGACACACTAAGAAAATTCCAAGAAGTAATCAATAGTAAAGCTTGTGAATGGGAAGAAAGGCAAAGGCTGATGAAGCAGCAGCTTGAGGCACTTGCAGACTTACAACAA,300,1
3,Phf11a,CCCACACAACGTGATGCAGCT,TTGTTGTAAGTCTGCAAGTGCCTCA,61.66316849977341,60.965584784721706,57.14285714285714,44.0,CCCACACAACGTGATGCAGCTGTCAAAGCTCCTTTCCTTAAGAAATGCCAGGAAGCAGGACTTCTTAATGTTTTACTTGAATACATACTAGAAAAAATGGATTTGATTCATGGAAGACTCCTGAATGAGACTGCCTCAGAGTCAGACTATGAAGGGATCGAGACCTTACTGTTTGGCTGTGGATTGTTTGGAGACACACTAAGAAAATTCCAAGAAGTAATCAATAGTAAAGCTTGTGAATGGGAAGAAAGGCAAAGGCTGATGAAGCAGCAGCTTGAGGCACTTGCAGACTTACAACAA,300,1
4,Phf11a,ACCCACACAACGTGATGCAGC,TGTTGTAAGTCTGCAAGTGCCTCA,61.92086566142388,60.59106489258166,57.14285714285714,45.83333333333333,ACCCACACAACGTGATGCAGCTGTCAAAGCTCCTTTCCTTAAGAAATGCCAGGAAGCAGGACTTCTTAATGTTTTACTTGAATACATACTAGAAAAAATGGATTTGATTCATGGAAGACTCCTGAATGAGACTGCCTCAGAGTCAGACTATGAAGGGATCGAGACCTTACTGTTTGGCTGTGGATTGTTTGGAGACACACTAAGAAAATTCCAAGAAGTAATCAATAGTAAAGCTTGTGAATGGGAAGAAAGGCAAAGGCTGATGAAGCAGCAGCTTGAGGCACTTGCAGACTTACAACA,300,1
5,Phf11a,ACCCACACAACGTGATGCAGC,TGTTGTAAGTCTGCAAGTGCCTCAA,61.92086566142388,60.965584784721706,57.14285714285714,44.0,ACCCACACAACGTGATGCAGCTGTCAAAGCTCCTTTCCTTAAGAAATGCCAGGAAGCAGGACTTCTTAATGTTTTACTTGAATACATACTAGAAAAAATGGATTTGATTCATGGAAGACTCCTGAATGAGACTGCCTCAGAGTCAGACTATGAAGGGATCGAGACCTTACTGTTTGGCTGTGGATTGTTTGGAGACACACTAAGAAAATTCCAAGAAGTAATCAATAGTAAAGCTTGTGAATGGGAAGAAAGGCAAAGGCTGATGAAGCAGCAGCTTGAGGCACTTGCAGACTTACAACA,300,1
6,Phf11a,AACCCACACAACGTGATGCAG,GTTGTAAGTCTGCAAGTGCCTCAA,59.56739011128658,59.61041166760767,52.38095238095239,45.83333333333333,AACCCACACAACGTGATGCAGCTGTCAAAGCTCCTTTCCTTAAGAAATGCCAGGAAGCAGGACTTCTTAATGTTTTACTTGAATACATACTAGAAAAAATGGATTTGATTCATGGAAGACTCCTGAATGAGACTGCCTCAGAGTCAGACTATGAAGGGATCGAGACCTTACTGTTTGGCTGTGGATTGTTTGGAGACACACTAAGAAAATTCCAAGAAGTAATCAATAGTAAAGCTTGTGAATGGGAAGAAAGGCAAAGGCTGATGAAGCAGCAGCTTGAGGCACTTGCAGACTTACAAC,300,1
7,Phf11a,AACCCACACAACGTGATGCAG,GTTGTAAGTCTGCAAGTGCCTCAAG,59.56739011128658,60.35406025867357,52.38095238095239,48.0,AACCCACACAACGTGATGCAGCTGTCAAAGCTCCTTTCCTTAAGAAATGCCAGGAAGCAGGACTTCTTAATGTTTTACTTGAATACATACTAGAAAAAATGGATTTGATTCATGGAAGACTCCTGAATGAGACTGCCTCAGAGTCAGACTATGAAGGGATCGAGACCTTACTGTTTGGCTGTGGATTGTTTGGAGACACACTAAGAAAATTCCAAGAAGTAATCAATAGTAAAGCTTGTGAATGGGAAGAAAGGCAAAGGCTGATGAAGCAGCAGCTTGAGGCACTTGCAGACTTACAAC,300,1
8,Phf11a,AACCCACACAACGTGATGCAGC,GTTGTAAGTCTGCAAGTGCCTCAA,62.27708875590391,59.61041166760767,54.54545454545454,45.83333333333333,AACCCACACAACGTGATGCAGCTGTCAAAGCTCCTTTCCTTAAGAAATGCCAGGAAGCAGGACTTCTTAATGTTTTACTTGAATACATACTAGAAAAAATGGATTTGATTCATGGAAGACTCCTGAATGAGACTGCCTCAGAGTCAGACTATGAAGGGATCGAGACCTTACTGTTTGGCTGTGGATTGTTTGGAGACACACTAAGAAAATTCCAAGAAGTAATCAATAGTAAAGCTTGTGAATGGGAAGAAAGGCAAAGGCTGATGAAGCAGCAGCTTGAGGCACTTGCAGACTTACAAC,300,1
9,Phf11a,AACCCACACAACGTGATGCAGC,GTTGTAAGTCTGCAAGTGCCTCAAG,62.27708875590391,60.35406025867357,54.54545454545454,48.0,AACCCACACAACGTGATGCAGCTGTCAAAGCTCCTTTCCTTAAGAAATGCCAGGAAGCAGGACTTCTTAATGTTTTACTTGAATACATACTAGAAAAAATGGATTTGATTCATGGAAGACTCCTGAATGAGACTGCCTCAGAGTCAGACTATGAAGGGATCGAGACCTTACTGTTTGGCTGTGGATTGTTTGGAGACACACTAAGAAAATTCCAAGAAGTAATCAATAGTAAAGCTTGTGAATGGGAAGAAAGGCAAAGGCTGATGAAGCAGCAGCTTGAGGCACTTGCAGACTTACAAC,300,1
10,Phf11a,GAACCCACACAACGTGATGCA,TTGTAAGTCTGCAAGTGCCTCAAGC,59.56377245253335,61.79997284997498,52.38095238095239,48.0,GAACCCACACAACGTGATGCAGCTGTCAAAGCTCCTTTCCTTAAGAAATGCCAGGAAGCAGGACTTCTTAATGTTTTACTTGAATACATACTAGAAAAAATGGATTTGATTCATGGAAGACTCCTGAATGAGACTGCCTCAGAGTCAGACTATGAAGGGATCGAGACCTTACTGTTTGGCTGTGGATTGTTTGGAGACACACTAAGAAAATTCCAAGAAGTAATCAATAGTAAAGCTTGTGAATGGGAAGAAAGGCAAAGGCTGATGAAGCAGCAGCTTGAGGCACTTGCAGACTTACAA,300,1
11,Phf11a,GAACCCACACAACGTGATGCAG,TTGTAAGTCTGCAAGTGCCTCAAGC,60.40013917115683,61.79997284997498,54.54545454545454,48.0,GAACCCACACAACGTGATGCAGCTGTCAAAGCTCCTTTCCTTAAGAAATGCCAGGAAGCAGGACTTCTTAATGTTTTACTTGAATACATACTAGAAAAAATGGATTTGATTCATGGAAGACTCCTGAATGAGACTGCCTCAGAGTCAGACTATGAAGGGATCGAGACCTTACTGTTTGGCTGTGGATTGTTTGGAGACACACTAAGAAAATTCCAAGAAGTAATCAATAGTAAAGCTTGTGAATGGGAAGAAAGGCAAAGGCTGATGAAGCAGCAGCTTGAGGCACTTGCAGACTTACAA,300,1
12,Phf11a,AGAGGCACTTCAAGGACTGCA,TGATTGGACAGTCACCATTGGGA,59.54265621632984,59.7154843583207,52.38095238095239,47.82608695652174,AGAGGCACTTCAAGGACTGCAAGACCACACCAAGCCATGGCCCAAGAGAAGCCAGGGTGCTCTAACCCAGTTCCCAATGGTGACTGTCCAATCA,94,2
13,Phf11a,AGAGGCACTTCAAGGACTGCAA,TGATTGGACAGTCACCATTGGGA,60.01866686252165,59.7154843583207,50.0,47.82608695652174,AGAGGCACTTCAAGGACTGCAAGACCACACCAAGCCATGGCCCAAGAGAAGCCAGGGTGCTCTAACCCAGTTCCCAATGGTGACTGTCCAATCA,94,2
14,Phf11a,AGAGGCACTTCAAGGACTGCAAG,TGATTGGACAGTCACCATTGGGA,60.818769422969496,59.7154843583207,52.17391304347826,47.82608695652174,AGAGGCACTTCAAGGACTGCAAGACCACACCAAGCCATGGCCCAAGAGAAGCCAGGGTGCTCTAACCCAGTTCCCAATGGTGACTGTCCAATCA,94,2
15,Phf11a,AGAGGCACTTCAAGGACTGCAAGA,TGATTGGACAGTCACCATTGGGA,61.96636397955509,59.7154843583207,50.0,47.82608695652174,AGAGGCACTTCAAGGACTGCAAGACCACACCAAGCCATGGCCCAAGAGAAGCCAGGGTGCTCTAACCCAGTTCCCAATGGTGACTGTCCAATCA,94,2
16,Phf11a,AGAGGCACTTCAAGGACTGCA,ATGATTGGACAGTCACCATTGGGA,59.54265621632984,59.97241944666492,52.38095238095239,45.83333333333333,AGAGGCACTTCAAGGACTGCAAGACCACACCAAGCCATGGCCCAAGAGAAGCCAGGGTGCTCTAACCCAGTTCCCAATGGTGACTGTCCAATCAT,95,2
17,Phf11a,AGAGGCACTTCAAGGACTGCAA,ATGATTGGACAGTCACCATTGGGA,60.01866686252165,59.97241944666492,50.0,45.83333333333333,AGAGGCACTTCAAGGACTGCAAGACCACACCAAGCCATGGCCCAAGAGAAGCCAGGGTGCTCTAACCCAGTTCCCAATGGTGACTGTCCAATCAT,95,2
18,Phf11a,AGAGGCACTTCAAGGACTGCAAG,ATGATTGGACAGTCACCATTGGGA,60.818769422969496,59.97241944666492,52.17391304347826,45.83333333333333,AGAGGCACTTCAAGGACTGCAAGACCACACCAAGCCATGGCCCAAGAGAAGCCAGGGTGCTCTAACCCAGTTCCCAATGGTGACTGTCCAATCAT,95,2
19,Phf11a,AGAGGCACTTCAAGGACTGCAAGA,ATGATTGGACAGTCACCATTGGGA,61.96636397955509,59.97241944666492,50.0,45.83333333333333,AGAGGCACTTCAAGGACTGCAAGACCACACCAAGCCATGGCCCAAGAGAAGCCAGGGTGCTCTAACCCAGTTCCCAATGGTGACTGTCCAATCAT,95,2
20,Phf11a,CATCAGGACTGGTGGAGTGTGA,CTTTGACAGCTGCATCACGTTGT,59.56599108399799,60.24983423187657,54.54545454545454,47.82608695652174,CATCAGGACTGGTGGAGTGTGAGGCTCCTGATCTACCTAATACAGTTAGAAACTTTGATGTCAAATCTGTAAAGAAAGAGATCGGGAGAGGAAGAAGATTGAAATGCTCATTTTGTAAAAACAAAGGAGCCACCATGGGATATGATTTACAGTCCTGCACCAAGAATTACCACTTATCCTGTGCCATGGAAGACCACGCAATTCTACAAGTTGATGAAGATCATGGCACTTACAAATTATTTTGTCAAAAACATGCTCCAGAGGGTCAAGAACCCACACAACGTGATGCAGCTGTCAAAG,300,2
21,Phf11a,CATCAGGACTGGTGGAGTGTGAG,CTTTGACAGCTGCATCACGTTGT,60.387165099784205,60.24983423187657,56.52173913043478,47.82608695652174,CATCAGGACTGGTGGAGTGTGAGGCTCCTGATCTACCTAATACAGTTAGAAACTTTGATGTCAAATCTGTAAAGAAAGAGATCGGGAGAGGAAGAAGATTGAAATGCTCATTTTGTAAAAACAAAGGAGCCACCATGGGATATGATTTACAGTCCTGCACCAAGAATTACCACTTATCCTGTGCCATGGAAGACCACGCAATTCTACAAGTTGATGAAGATCATGGCACTTACAAATTATTTTGTCAAAAACATGCTCCAGAGGGTCAAGAACCCACACAACGTGATGCAGCTGTCAAAG,300,2
22,Phf11a,CATCAGGACTGGTGGAGTGTGAGG,CTTTGACAGCTGCATCACGTTGT,62.36868086996404,60.24983423187657,58.333333333333336,47.82608695652174,CATCAGGACTGGTGGAGTGTGAGGCTCCTGATCTACCTAATACAGTTAGAAACTTTGATGTCAAATCTGTAAAGAAAGAGATCGGGAGAGGAAGAAGATTGAAATGCTCATTTTGTAAAAACAAAGGAGCCACCATGGGATATGATTTACAGTCCTGCACCAAGAATTACCACTTATCCTGTGCCATGGAAGACCACGCAATTCTACAAGTTGATGAAGATCATGGCACTTACAAATTATTTTGTCAAAAACATGCTCCAGAGGGTCAAGAACCCACACAACGTGATGCAGCTGTCAAAG,300,2
23,Phf11a,ATCAGGACTGGTGGAGTGTGAGG,GCTTTGACAGCTGCATCACGT,61.44477692787601,59.94918655820387,56.52173913043478,52.38095238095239,ATCAGGACTGGTGGAGTGTGAGGCTCCTGATCTACCTAATACAGTTAGAAACTTTGATGTCAAATCTGTAAAGAAAGAGATCGGGAGAGGAAGAAGATTGAAATGCTCATTTTGTAAAAACAAAGGAGCCACCATGGGATATGATTTACAGTCCTGCACCAAGAATTACCACTTATCCTGTGCCATGGAAGACCACGCAATTCTACAAGTTGATGAAGATCATGGCACTTACAAATTATTTTGTCAAAAACATGCTCCAGAGGGTCAAGAACCCACACAACGTGATGCAGCTGTCAAAGC,300,2
24,Phf11a,ATCAGGACTGGTGGAGTGTGAGG,GCTTTGACAGCTGCATCACGTT,61.44477692787601,60.388983173273026,56.52173913043478,50.0,ATCAGGACTGGTGGAGTGTGAGGCTCCTGATCTACCTAATACAGTTAGAAACTTTGATGTCAAATCTGTAAAGAAAGAGATCGGGAGAGGAAGAAGATTGAAATGCTCATTTTGTAAAAACAAAGGAGCCACCATGGGATATGATTTACAGTCCTGCACCAAGAATTACCACTTATCCTGTGCCATGGAAGACCACGCAATTCTACAAGTTGATGAAGATCATGGCACTTACAAATTATTTTGTCAAAAACATGCTCCAGAGGGTCAAGAACCCACACAACGTGATGCAGCTGTCAAAGC,300,2
25,Phf11a,ATCAGGACTGGTGGAGTGTGAGG,GCTTTGACAGCTGCATCACGTTG,61.44477692787601,61.3722895321321,56.52173913043478,52.17391304347826,ATCAGGACTGGTGGAGTGTGAGGCTCCTGATCTACCTAATACAGTTAGAAACTTTGATGTCAAATCTGTAAAGAAAGAGATCGGGAGAGGAAGAAGATTGAAATGCTCATTTTGTAAAAACAAAGGAGCCACCATGGGATATGATTTACAGTCCTGCACCAAGAATTACCACTTATCCTGTGCCATGGAAGACCACGCAATTCTACAAGTTGATGAAGATCATGGCACTTACAAATTATTTTGTCAAAAACATGCTCCAGAGGGTCAAGAACCCACACAACGTGATGCAGCTGTCAAAGC,300,2
26,Phf11a,GCTTGAGGCACTTGCAGACT,GGCCCCATCCAGTTTTCCTG,60.88828541044296,60.97247054184652,55.0,60.0,GCTTGAGGCACTTGCAGACTTACAACAAAACTTGTGCTCATTTCAAGAAAATGGGGACCTGGACTGCTCAAGTTCTACATCAGGATCCTTGCTACCTCCTGAGGACCACCAGGTCAGATGCCAGGAGTCTCCTGAAGTGCAAGCAGGCTCAGGAGATAGCCTGTGACAGATCCACAGTGTCCTCCAACTCTGACCTGCTACTGCTCATCCATGCTCCATACCTGACTGGGTGTTTCTTGTCTCCTCTCTTCTCATCTCACTTGTCCTGCTTTCCCCTGATAGTAAAAGCTGCTCCTCAGGAAAACTGGATGGGGCC,316,3
27,Phf11a,AGCTTGAGGCACTTGCAGAC,GGCCCCATCCAGTTTTCCTG,60.88828541044296,60.97247054184652,55.0,60.0,AGCTTGAGGCACTTGCAGACTTACAACAAAACTTGTGCTCATTTCAAGAAAATGGGGACCTGGACTGCTCAAGTTCTACATCAGGATCCTTGCTACCTCCTGAGGACCACCAGGTCAGATGCCAGGAGTCTCCTGAAGTGCAAGCAGGCTCAGGAGATAGCCTGTGACAGATCCACAGTGTCCTCCAACTCTGACCTGCTACTGCTCATCCATGCTCCATACCTGACTGGGTGTTTCTTGTCTCCTCTCTTCTCATCTCACTTGTCCTGCTTTCCCCTGATAGTAAAAGCTGCTCCTCAGGAAAACTGGATGGGGCC,317,3
28,Phf11a,CAGCTTGAGGCACTTGCAGA,GGCCCCATCCAGTTTTCCTG,60.887835733804934,60.97247054184652,55.0,60.0,CAGCTTGAGGCACTTGCAGACTTACAACAAAACTTGTGCTCATTTCAAGAAAATGGGGACCTGGACTGCTCAAGTTCTACATCAGGATCCTTGCTACCTCCTGAGGACCACCAGGTCAGATGCCAGGAGTCTCCTGAAGTGCAAGCAGGCTCAGGAGATAGCCTGTGACAGATCCACAGTGTCCTCCAACTCTGACCTGCTACTGCTCATCCATGCTCCATACCTGACTGGGTGTTTCTTGTCTCCTCTCTTCTCATCTCACTTGTCCTGCTTTCCCCTGATAGTAAAAGCTGCTCCTCAGGAAAACTGGATGGGGCC,318,3
29,Phf11a,GCTTGAGGCACTTGCAGACT,AGGCCCCATCCAGTTTTCCT,60.88828541044296,61.149132504601084,55.0,55.0,GCTTGAGGCACTTGCAGACTTACAACAAAACTTGTGCTCATTTCAAGAAAATGGGGACCTGGACTGCTCAAGTTCTACATCAGGATCCTTGCTACCTCCTGAGGACCACCAGGTCAGATGCCAGGAGTCTCCTGAAGTGCAAGCAGGCTCAGGAGATAGCCTGTGACAGATCCACAGTGTCCTCCAACTCTGACCTGCTACTGCTCATCCATGCTCCATACCTGACTGGGTGTTTCTTGTCTCCTCTCTTCTCATCTCACTTGTCCTGCTTTCCCCTGATAGTAAAAGCTGCTCCTCAGGAAAACTGGATGGGGCCT,317,3
30,Phf11a,AGCTTGAGGCACTTGCAGAC,AGGCCCCATCCAGTTTTCCT,60.88828541044296,61.149132504601084,55.0,55.0,AGCTTGAGGCACTTGCAGACTTACAACAAAACTTGTGCTCATTTCAAGAAAATGGGGACCTGGACTGCTCAAGTTCTACATCAGGATCCTTGCTACCTCCTGAGGACCACCAGGTCAGATGCCAGGAGTCTCCTGAAGTGCAAGCAGGCTCAGGAGATAGCCTGTGACAGATCCACAGTGTCCTCCAACTCTGACCTGCTACTGCTCATCCATGCTCCATACCTGACTGGGTGTTTCTTGTCTCCTCTCTTCTCATCTCACTTGTCCTGCTTTCCCCTGATAGTAAAAGCTGCTCCTCAGGAAAACTGGATGGGGCCT,318,3
31,Phf11a,CAGCTTGAGGCACTTGCAGA,AGGCCCCATCCAGTTTTCCT,60.887835733804934,61.149132504601084,55.0,55.0,CAGCTTGAGGCACTTGCAGACTTACAACAAAACTTGTGCTCATTTCAAGAAAATGGGGACCTGGACTGCTCAAGTTCTACATCAGGATCCTTGCTACCTCCTGAGGACCACCAGGTCAGATGCCAGGAGTCTCCTGAAGTGCAAGCAGGCTCAGGAGATAGCCTGTGACAGATCCACAGTGTCCTCCAACTCTGACCTGCTACTGCTCATCCATGCTCCATACCTGACTGGGTGTTTCTTGTCTCCTCTCTTCTCATCTCACTTGTCCTGCTTTCCCCTGATAGTAAAAGCTGCTCCTCAGGAAAACTGGATGGGGCCT,319,3
32,Phf11a,ACACAACGTGATGCAGCTGT,GTCTGCAAGTGCCTCAAGCT,60.815213277559394,60.88828541044296,50.0,55.0,ACACAACGTGATGCAGCTGTCAAAGCTCCTTTCCTTAAGAAATGCCAGGAAGCAGGACTTCTTAATGTTTTACTTGAATACATACTAGAAAAAATGGATTTGATTCATGGAAGACTCCTGAATGAGACTGCCTCAGAGTCAGACTATGAAGGGATCGAGACCTTACTGTTTGGCTGTGGATTGTTTGGAGACACACTAAGAAAATTCCAAGAAGTAATCAATAGTAAAGCTTGTGAATGGGAAGAAAGGCAAAGGCTGATGAAGCAGCAGCTTGAGGCACTTGCAGAC,288,3
33,Phf11a,ACACAACGTGATGCAGCTGT,AGTCTGCAAGTGCCTCAAGC,60.815213277559394,60.88828541044296,50.0,55.0,ACACAACGTGATGCAGCTGTCAAAGCTCCTTTCCTTAAGAAATGCCAGGAAGCAGGACTTCTTAATGTTTTACTTGAATACATACTAGAAAAAATGGATTTGATTCATGGAAGACTCCTGAATGAGACTGCCTCAGAGTCAGACTATGAAGGGATCGAGACCTTACTGTTTGGCTGTGGATTGTTTGGAGACACACTAAGAAAATTCCAAGAAGTAATCAATAGTAAAGCTTGTGAATGGGAAGAAAGGCAAAGGCTGATGAAGCAGCAGCTTGAGGCACTTGCAGACT,289,3
34,Phf11a,ACACAACGTGATGCAGCTGT,TCTGCAAGTGCCTCAAGCTG,60.815213277559394,60.887835733804934,50.0,55.0,ACACAACGTGATGCAGCTGTCAAAGCTCCTTTCCTTAAGAAATGCCAGGAAGCAGGACTTCTTAATGTTTTACTTGAATACATACTAGAAAAAATGGATTTGATTCATGGAAGACTCCTGAATGAGACTGCCTCAGAGTCAGACTATGAAGGGATCGAGACCTTACTGTTTGGCTGTGGATTGTTTGGAGACACACTAAGAAAATTCCAAGAAGTAATCAATAGTAAAGCTTGTGAATGGGAAGAAAGGCAAAGGCTGATGAAGCAGCAGCTTGAGGCACTTGCAGA,287,3
35,Phf11a,AAAGGACATGTGCCCTGTGC,TGGTCTTCCATGGCACAGGA,61.18109809878791,61.133181396915234,55.0,55.0,AAAGGACATGTGCCCTGTGCCCTGAAGGCCATGAGTGGAGTCAAATATACTTTTCACCATCAGCGAATATAGTTGCTCATGAAAACTGTTTGCTGTATTCATCAGGACTGGTGGAGTGTGAGGCTCCTGATCTACCTAATACAGTTAGAAACTTTGATGTCAAATCTGTAAAGAAAGAGATCGGGAGAGGAAGAAGATTGAAATGCTCATTTTGTAAAAACAAAGGAGCCACCATGGGATATGATTTACAGTCCTGCACCAAGAATTACCACTTATCCTGTGCCATGGAAGACCA,295,3
36,Phf11a,ACACAACGTGATGCAGCTGT,AGCAGTCCAGGTCCCCATTT,60.815213277559394,61.142688201183375,50.0,55.0,ACACAACGTGATGCAGCTGTCAAAGCTCCTTTCCTTAAGAAATGCCAGGAAGCAGGACTTCTTAATGTTTTACTTGAATACATACTAGAAAAAATGGATTTGATTCATGGAAGACTCCTGAATGAGACTGCCTCAGAGTCAGACTATGAAGGGATCGAGACCTTACTGTTTGGCTGTGGATTGTTTGGAGACACACTAAGAAAATTCCAAGAAGTAATCAATAGTAAAGCTTGTGAATGGGAAGAAAGGCAAAGGCTGATGAAGCAGCAGCTTGAGGCACTTGCAGACTTACAACAAAACTTGTGCTCATTTCAAGAAAATGGGGACCTGGACTGCT,337,3
37,Phf11a,AGGACTGGTGGAGTGTGAGG,ACAGCTGCATCACGTTGTGT,60.833834249902736,60.815213277559394,60.0,50.0,AGGACTGGTGGAGTGTGAGGCTCCTGATCTACCTAATACAGTTAGAAACTTTGATGTCAAATCTGTAAAGAAAGAGATCGGGAGAGGAAGAAGATTGAAATGCTCATTTTGTAAAAACAAAGGAGCCACCATGGGATATGATTTACAGTCCTGCACCAAGAATTACCACTTATCCTGTGCCATGGAAGACCACGCAATTCTACAAGTTGATGAAGATCATGGCACTTACAAATTATTTTGTCAAAAACATGCTCCAGAGGGTCAAGAACCCACACAACGTGATGCAGCTGT,291,3
38,Phf11a,GCTTGAGGCACTTGCAGACT,GAGGCCCCATCCAGTTTTCC,60.88828541044296,60.68447869744671,55.0,60.0,GCTTGAGGCACTTGCAGACTTACAACAAAACTTGTGCTCATTTCAAGAAAATGGGGACCTGGACTGCTCAAGTTCTACATCAGGATCCTTGCTACCTCCTGAGGACCACCAGGTCAGATGCCAGGAGTCTCCTGAAGTGCAAGCAGGCTCAGGAGATAGCCTGTGACAGATCCACAGTGTCCTCCAACTCTGACCTGCTACTGCTCATCCATGCTCCATACCTGACTGGGTGTTTCTTGTCTCCTCTCTTCTCATCTCACTTGTCCTGCTTTCCCCTGATAGTAAAAGCTGCTCCTCAGGAAAACTGGATGGGGCCTC,318,3
39,Phf11a,GCTTGAGGCACTTGCAGACT,GGAGGCCCCATCCAGTTTTC,60.88828541044296,60.68447869744671,55.0,60.0,GCTTGAGGCACTTGCAGACTTACAACAAAACTTGTGCTCATTTCAAGAAAATGGGGACCTGGACTGCTCAAGTTCTACATCAGGATCCTTGCTACCTCCTGAGGACCACCAGGTCAGATGCCAGGAGTCTCCTGAAGTGCAAGCAGGCTCAGGAGATAGCCTGTGACAGATCCACAGTGTCCTCCAACTCTGACCTGCTACTGCTCATCCATGCTCCATACCTGACTGGGTGTTTCTTGTCTCCTCTCTTCTCATCTCACTTGTCCTGCTTTCCCCTGATAGTAAAAGCTGCTCCTCAGGAAAACTGGATGGGGCCTCC,319,3
40,Phf11a,AGCTTGAGGCACTTGCAGAC,GAGGCCCCATCCAGTTTTCC,60.88828541044296,60.68447869744671,55.0,60.0,AGCTTGAGGCACTTGCAGACTTACAACAAAACTTGTGCTCATTTCAAGAAAATGGGGACCTGGACTGCTCAAGTTCTACATCAGGATCCTTGCTACCTCCTGAGGACCACCAGGTCAGATGCCAGGAGTCTCCTGAAGTGCAAGCAGGCTCAGGAGATAGCCTGTGACAGATCCACAGTGTCCTCCAACTCTGACCTGCTACTGCTCATCCATGCTCCATACCTGACTGGGTGTTTCTTGTCTCCTCTCTTCTCATCTCACTTGTCCTGCTTTCCCCTGATAGTAAAAGCTGCTCCTCAGGAAAACTGGATGGGGCCTC,319,3
41,Phf11a,AGCTTGAGGCACTTGCAGAC,GGAGGCCCCATCCAGTTTTC,60.88828541044296,60.68447869744671,55.0,60.0,AGCTTGAGGCACTTGCAGACTTACAACAAAACTTGTGCTCATTTCAAGAAAATGGGGACCTGGACTGCTCAAGTTCTACATCAGGATCCTTGCTACCTCCTGAGGACCACCAGGTCAGATGCCAGGAGTCTCCTGAAGTGCAAGCAGGCTCAGGAGATAGCCTGTGACAGATCCACAGTGTCCTCCAACTCTGACCTGCTACTGCTCATCCATGCTCCATACCTGACTGGGTGTTTCTTGTCTCCTCTCTTCTCATCTCACTTGTCCTGCTTTCCCCTGATAGTAAAAGCTGCTCCTCAGGAAAACTGGATGGGGCCTCC,320,3
42,Phf11a,CAGCTTGAGGCACTTGCAGA,GAGGCCCCATCCAGTTTTCC,60.887835733804934,60.68447869744671,55.0,60.0,CAGCTTGAGGCACTTGCAGACTTACAACAAAACTTGTGCTCATTTCAAGAAAATGGGGACCTGGACTGCTCAAGTTCTACATCAGGATCCTTGCTACCTCCTGAGGACCACCAGGTCAGATGCCAGGAGTCTCCTGAAGTGCAAGCAGGCTCAGGAGATAGCCTGTGACAGATCCACAGTGTCCTCCAACTCTGACCTGCTACTGCTCATCCATGCTCCATACCTGACTGGGTGTTTCTTGTCTCCTCTCTTCTCATCTCACTTGTCCTGCTTTCCCCTGATAGTAAAAGCTGCTCCTCAGGAAAACTGGATGGGGCCTC,320,3
43,Phf11a,CAGCTTGAGGCACTTGCAGA,GGAGGCCCCATCCAGTTTTC,60.887835733804934,60.68447869744671,55.0,60.0,CAGCTTGAGGCACTTGCAGACTTACAACAAAACTTGTGCTCATTTCAAGAAAATGGGGACCTGGACTGCTCAAGTTCTACATCAGGATCCTTGCTACCTCCTGAGGACCACCAGGTCAGATGCCAGGAGTCTCCTGAAGTGCAAGCAGGCTCAGGAGATAGCCTGTGACAGATCCACAGTGTCCTCCAACTCTGACCTGCTACTGCTCATCCATGCTCCATACCTGACTGGGTGTTTCTTGTCTCCTCTCTTCTCATCTCACTTGTCCTGCTTTCCCCTGATAGTAAAAGCTGCTCCTCAGGAAAACTGGATGGGGCCTCC,321,3
44,Phf11a,TGAAGTGCAAGCAGGCTCAG,TGGAGACCATGATGAGGCCA,60.887835733804934,60.621280128822605,55.0,55.0,TGAAGTGCAAGCAGGCTCAGGAGATAGCCTGTGACAGATCCACAGTGTCCTCCAACTCTGACCTGCTACTGCTCATCCATGCTCCATACCTGACTGGGTGTTTCTTGTCTCCTCTCTTCTCATCTCACTTGTCCTGCTTTCCCCTGATAGTAAAAGCTGCTCCTCAGGAAAACTGGATGGGGCCTCCATGTTCTCCAAGGATCGAGGAAGTCTTCCTGCCTACCCTGCCCACCCCAGTCAAGGGCAGCAACACCAGAGCTTTGCTCAGCCTTAAATGGAATCTTAGAGCTTTCTCTTGCTTCTGCTGCTCCTACAGATGGCCTCATCATGGTCTCCA,337,3
45,Phf11a,CTGAAGTGCAAGCAGGCTCA,TGGAGACCATGATGAGGCCA,60.887835733804934,60.621280128822605,55.0,55.0,CTGAAGTGCAAGCAGGCTCAGGAGATAGCCTGTGACAGATCCACAGTGTCCTCCAACTCTGACCTGCTACTGCTCATCCATGCTCCATACCTGACTGGGTGTTTCTTGTCTCCTCTCTTCTCATCTCACTTGTCCTGCTTTCCCCTGATAGTAAAAGCTGCTCCTCAGGAAAACTGGATGGGGCCTCCATGTTCTCCAAGGATCGAGGAAGTCTTCCTGCCTACCCTGCCCACCCCAGTCAAGGGCAGCAACACCAGAGCTTTGCTCAGCCTTAAATGGAATCTTAGAGCTTTCTCTTGCTTCTGCTGCTCCTACAGATGGCCTCATCATGGTCTCCA,338,3
